# value	category	description
(๑•̀ㅁ•́๑)✧	SMILE	きりっ
(•ө•)♡	SMILE	はーと
(๑´ڡ`๑)	SMILE	ぺろ ぺろっ おいしい
(๑•̀ㅂ•́)و✧	SMILE	よし ぐっ
•̀.̫•́✧	SMILE	きりっ
ʕ•̀ω•́ʔ✧	SMILE	どうぶつ
ʕ•ٹ•ʔ	SMILE	どうぶつ
ლ(´ڡ`ლ)	SMILE	ぺろ おいしい
(･ิω･ิ)	SMILE	まゆ
٩(๑´3｀๑)۶	SMILE	ばんざい
( ･ิϖ･ิ)	SMILE	まゆ
(ㆁωㆁ*)	SMILE	てれ
(*´ڡ`●)	SMILE	ぺろ
٩(♡ε♡ )۶	SMILE	はーと
(　･ิω･ิ)	SMILE	まゆ きり きりっ
(*˘︶˘*).｡.:*♡	SMILE	はーと
❤(ӦｖӦ｡)	SMILE	てれ はーと
( ･ิω･ิ)	SMILE	まゆ きり きりっ
:D	SMILE	よこおき にこにこ にこっ にこ わーい
:)	SMILE	よこおき すまいる またね
;)	SMILE	よこおき うぃんく ういんく にこにこ にこっ にこ
:-)	SMILE	よこおき すまいる こんにちは なんちゃって
(●´ϖ`●)	SMILE	にこ にこにこ にこっ
＼(^o^)／	SMILE	にこにこ にこっ にこ ばんざい おわた おーい はーい
(^o^)	SMILE	にこにこ にこっ にこ わーい
(^^)	SMILE	にこにこ にこっ にこ
(^^)/	SMILE	にこにこ おーい はーい ではでは
(^^)v	SMILE	にこにこ にこっ にこ ぶい ぴーす
(^_^)	SMILE	にこにこ にこっ にこ
(^_^)v	SMILE	にこにこ にこっ にこ ぶい ぴーす
(*^^*)	SMILE	にこにこ にこっ にこ
^_^	SMILE	にこっ にこ
(*´ω｀*)	SMILE	てれ
(>ω<)	SMILE	うれしい
(・∀・)	SMILE	にこにこ にこっ にこ
(*^_^*)	SMILE	にこにこ にこっ にこ わーい
ヾ(｡>﹏<｡)ﾉﾞ✧*。	SMILE	うれしい
(*>_<*)ﾉ	SMILE	てれ
(｡>﹏<｡)	SMILE	てれ はずかしい
(*´∀｀)	SMILE	てれ
(^_-)	SMILE	にこにこ ういんく うぃんく
( ´∀｀)	SMILE	もなー にこ にこにこ にこっ
(≧∇≦)b	SMILE	うれしい いい いいね
(≧▽≦)	SMILE	うれしい
(^^♪	SMILE	にこにこ にこっ にこ
(*^^)v	SMILE	にこにこ にこっ にこ ぶい ぴーす
(^o^)v	SMILE	にこにこ にこっ にこ ぶい ぴーす
ヽ(^o^)丿	SMILE	にこにこ ばんざい
(^_^)/	SMILE	にこにこ にこっ にこ おーい はーい
(^_-)-☆	SMILE	にこにこ ういんく うぃんく
(^o^)／	SMILE	にこにこ おーい はーい
(*ﾟ∀ﾟ)	SMILE	にこ にこにこ にこっ つー
(*^。^*)	SMILE	にこにこ にこっ にこ
(^o^)丿	SMILE	にこにこ にこっ にこ はーい てをあげて
ヽ(^。^)ノ	SMILE	にこにこ にこっ にこ ばんざい
(ﾉ´∀｀*)	SMILE	てれ
(^。^)	SMILE	にこにこ にこっ にこ わーい
(^O^)v	SMILE	ぶい ぴーす
(￣ー￣)ﾆﾔﾘ	SMILE	にやり
(^_^.)	SMILE	にこにこ にこっ にこ
(^・^)	SMILE	にこにこ にこっ にこ
(^^)/~~~	SMILE	ばいばい さようなら さよなら さようなら さよなら
(^ム^)	SMILE	にこにこ にこっ にこ わーい
(@^^)/~~~	SMILE	ばいばい さようなら さよなら さようなら さよなら
(^.^)/~~~	SMILE	ばいばい さようなら さよなら さようなら さよなら
（ ・∀・）	SMILE	もららー

( •̀ㅁ•́;)	SWEAT	あせ
(¯―¯٥)	SWEAT	なみだ なく
(´-﹏-`；)	SWEAT	あせ
(ㆀ˘･з･˘)	SWEAT	あせ
^^;	SWEAT	にこにこ あせ ぎくっ ぽりぽり
(^_^;)	SWEAT	にこにこ あせ ぎくっ ぽりぽり
(-_-;)	SWEAT	ぎくっ あせ じろ じとっ じと じとー
(~_~;)	SWEAT	あせ ほへー
^_^;	SWEAT	にこにこ あせ ぎくっ ぽりぽり
(・・;)	SWEAT	びくっ びっくり めがてん あせ
(^^ゞ	SWEAT	にこにこ あせ ぎくっ ぽりぽり
(；´Д｀)	SWEAT	あせ はぁはぁ
(^o^;)	SWEAT	わーい にこ にこにこ にこっ あせ ぎくっ
(；・∀・)	SWEAT	ぎくっ あせ
(；´∀｀)	SWEAT	あせ
(-.-;)	SWEAT	じとっ じと じとー ぎくっ
(*_*;	SWEAT	びくっ びっくり めがてん あせ
(・_・;)	SWEAT	ぎくっ あせ めがてん えー
(ーー;)	SWEAT	ぎくっ あせ じろ じとっ じと じとー
(＠_＠;)	SWEAT	びくっ びっくり めがてん あせ
(； ･`д･´)	SWEAT	あせ まゆ
（；^ω^）	SWEAT	あせ
(；一_一)	SWEAT	じろ じとっ じと じとー あせ
(^o^;	SWEAT	ぎくっ あせ
(゜o゜;	SWEAT	ぎくっ びっくり めがてん あせ えっと えーと
(・。・;	SWEAT	あせ めがてん びくっ
(_ _;)	SWEAT	ぺこり おじぎ あせ ごめん ごめんなさい あせ
(^.^;	SWEAT	にこにこ あせ ぎくっ ぽりぽり
m(_ _;)m	SWEAT	ぺこり おじぎ あせ ごめん ごめんなさい
(^O^;)	SWEAT	わーい にこっ にこ にこにこ あせ
Σ(´∀｀；)	SWEAT	どきっ あせ
(・・;	SWEAT	めがてん なぜ なぞ はてな あせ ぎくっ
(~O~;)	SWEAT	ほへー あせ
(・.・;)	SWEAT	めがてん あせ びっくり びくっ
(=o=;)	SWEAT	てつやあけ あせ ねむい
(@@;)	SWEAT	びくっ びっくり めがてん あせ


(✽ ﾟдﾟ ✽)	SURPRISE	ぽかーん びっくり
Σ(ﾟДﾟ)	SURPRISE	うおっ びっくり ぎくっ
( ﾟдﾟ)	SURPRISE	ぽかーん
＼(◎o◎)／	SURPRISE	びっくり
(@_@)	SURPRISE	びくっ びっくり めがてん
(*_*)	SURPRISE	びくっ びっくり めがてん
(+_+)	SURPRISE	びくっ びっくり まぶしい うーん
ε≡≡ﾍ( ´Д`)ﾉ	SURPRISE	だっしゅ
:-O	SURPRISE	よこおき さけび ぼうぜん
:-|	SURPRISE	よこおき どうしましょう・・
(・o・)	SURPRISE	びくっ びっくり めがてん ぽかーん
(゜o゜)	SURPRISE	おーい
(゜-゜)	SURPRISE	うーん えっと えーと
(゜゜)	SURPRISE	うーん えっと えーと
(?_?)	SURPRISE	なぜ なぞ はてな


(´°̥̥̥̥̥̥̥̥ω°̥̥̥̥̥̥̥̥｀)	SADNESS	なみだ なく
(｡ŏ﹏ŏ)	SADNESS	うーん
(๑´•.̫ • `๑)	SADNESS	しょぼーん
(´ . .̫ . `)	SADNESS	しょぼーん
(¯―¯٥)	SADNESS	なみだ なく
( ･ั﹏･ั)	SADNESS	うーん
٩(๑´0`๑)۶	SADNESS	うわーん
(･ัω･ั)	SADNESS	うーん
(*´﹃｀*)	SADNESS	だらー
(T_T)	SADNESS	しくしく なみだ なく えーん
(´・ω・｀)	SADNESS	しょぼーん しょんぼり がっかり
(;_;)	SADNESS	しくしく なみだ なく えーん うるうる
m(_ _)m	SADNESS	ぺこり ごめん ごめんなさい おじぎ ありがとう
(´・ω・`)	SADNESS	しょぼーん がっくり がくーり しょんぼり
m(__)m	SADNESS	ぺこり ごめん ごめんなさい おじぎ
(._.)	SADNESS	ぺこり どれどれ ごめんなさい ごめん
(´；ω；｀)	SADNESS	なみだ なく
＿|￣|○	SADNESS	がっくり がくーり
(ToT)	SADNESS	しくしく なみだ なく えーん
(_ _)	SADNESS	ぺこり ごめん ごめんなさい おじぎ
｡ﾟ(ﾟ´Д｀ﾟ)ﾟ｡	SADNESS	しくしく なく えーん なみだ
( ；∀；)	SADNESS	なみだ しくしく なく えーん
(TT)	SADNESS	しくしく なみだ なく えーん
(__)	SADNESS	ぺこり ごめん ごめんなさい おじぎ
(/_;)	SADNESS	しくしく なみだ なく えーん
(:_;)	SADNESS	しくしく なみだ なく えーん うるうる
(ヽ´ω`)	SADNESS	ぐったり げっそり
_(._.)_	SADNESS	ぺこり ごめん ごめんなさい おじぎ
(;O;)	SADNESS	しくしく なみだ なく えーん
(ToT)/~~~	SADNESS	ばいばい さようなら さよなら
｡･ﾟ･(ﾉД`)･ﾟ･｡	SADNESS	なみだ しくしく えーん
(´；ω；｀)ﾌﾞﾜｯ	SADNESS	ぶわっ なみだ なく しくしく
(;_;)/~~~	SADNESS	ばいばい さようなら さよなら さようなら さよなら なみだ なく えーん
(TдT)	SADNESS	しくしく なみだ なく えーん
(´Д⊂ヽ	SADNESS	しくしく なみだ えーん
(TOT)	SADNESS	しくしく なみだ なく えーん
(;_:)	SADNESS	しくしく なみだ なく えーん
(´；ω；｀)ｳｯ…	SADNESS	うっ なみだ なく しくしく
_(_^_)_	SADNESS	ぺこり ごめん ごめんなさい おじぎ
｡･ﾟ･(ﾉ∀`)･ﾟ･｡	SADNESS	なみだ なく えーん
( ´Д｀)=3	SADNESS	ためいき はぁ
(_ _;)	SWEAT SADNESS	ぺこり おじぎ あせ ごめん ごめんなさい あせ
(;_;	SADNESS	しくしく なみだ うるうる
m(_ _;)m	SWEAT SADNESS	ぺこり おじぎ あせ ごめん ごめんなさい
(つд⊂)ｴｰﾝ	SADNESS	えーん
(ﾉД`)ｼｸｼｸ	SADNESS	しくしく なみだ なく えーん
(T_T)/~~~	SADNESS	ばいばい さようなら さよなら さようなら さよなら
(´д⊂)‥ﾊｩ	SADNESS	はぅ


٩(๑`^´๑)۶	DISPLEASURE	むか むかっ むきー ぷんぷん
٩(๑òωó๑)۶	DISPLEASURE	むか むかっ むきー ぷんぷん
(-_-)	DISPLEASURE	じとっ じと じとー むっ
(-_-;)	SWEAT DISPLEASURE	ぎくっ あせ じろ じとっ じと じとー
(~_~;)	SWEAT DISPLEASURE	あせ ほへー
(-.-)	DISPLEASURE	じとっ じと じとー むっ
(-.-;)	SWEAT DISPLEASURE	じとっ じと じとー ぎくっ
(=_=)	DISPLEASURE	てつやあけ てつや ねむい
(~o~)	DISPLEASURE	ほへー
((+_+))	DISPLEASURE	うーん
(~_~)	DISPLEASURE	ほへー
(；一_一)	SWEAT DISPLEASURE	じろ じとっ じと じとー あせ
(--)	DISPLEASURE	むか
(・へ・)	DISPLEASURE	むか
(ー_ー;)	DISPLEASURE	じろ じとっ じと じとー あせ
(-_-メ)	DISPLEASURE	むか
( ´Д｀)=3	SADNESS DISPLEASURE	ためいき はぁ
(# ﾟДﾟ)	DISPLEASURE	いかり むか
(=_=;)	DISPLEASURE	てつやあけ ねむい
(ー_ー)	DISPLEASURE	じとっ じとー
(ーー゛)	DISPLEASURE	むか
( 一一)	DISPLEASURE	じろ じとー じと じとっ
(~O~;)	SWEAT DISPLEASURE	ほへー あせ
(｀´）	DISPLEASURE	むか むかー
(－－〆)	DISPLEASURE	むか むかー
(#･∀･)	DISPLEASURE	いかり きー
(~_~メ)	DISPLEASURE	むか むかー
(=o=;)	SWEAT DISPLEASURE	てつやあけ あせ ねむい
(^_^メ)	DISPLEASURE	にこにこ むか ぴくぴく やくざ
(~O~)	DISPLEASURE	ほへー
:(	DISPLEASURE	よこおき おこる かなしい やだね～
:-(	DISPLEASURE	よこおき おこる かなしい やだね～
:|	DISPLEASURE	よこおき しんけん
:-P	DISPLEASURE	よこおき したぺろり
